type,name,module,path,hash
manifest,agent-manifest.csv,config,_config/agent-manifest.csv,33721bb1420c077c05ba4c2c62a7e3e2da16f137cab91506648e4f950e023a4f
config,pov-parzival.customize.yaml,config,_config/agents/pov-parzival.customize.yaml,ac27b5f333e1b8f8397f53b063724e187713fa681b571f42eec00eb58dfd61ce
manifest,aim-help.csv,config,_config/aim-help.csv,e627ff3612be60e7191cf793f9e08beb08ada41931f467032043a85448d1c979
config,claude-code.yaml,config,_config/ides/claude-code.yaml,1ba71321c45ba7175c41046abcb72a8f68d9f8ff9865e450958b55508d01f42f
config,manifest.yaml,config,_config/manifest.yaml,0dcf6416f948795755653aad247ba27edba453e41133884780907a5b01e55460
manifest,task-manifest.csv,config,_config/task-manifest.csv,40b07a3e667eb2662d25bbd4cdc6827518dcaa4d41071ca56bb24142da9f0d12
manifest,workflow-manifest.csv,config,_config/workflow-manifest.csv,a29a661cf2333f6de368c4122a3232d69dbb0601e8b4966518c077ae31ce3a4e
config,config.yaml,memory,_memory/config.yaml,7100d227f9ebdcf52a6408f429689185edfcd14d0c9c607a6c488dfd6434e7cb
doc,agent-performance-notes.md,memory,_memory/parzival-sidecar/agent-performance-notes.md,3cac976c3ce4168bbc5b288bcd0a71e7e7025328fbd6c9e16fcd1ca6633c0626
doc,learned-preferences.md,memory,_memory/parzival-sidecar/learned-preferences.md,e3bcfbdc9d4dac940cb31cda09dcc844ed491e6e4614bff609f9a3037a984e44
config,oversight-schema.yaml,memory,_memory/parzival-sidecar/oversight-schema.yaml,3dce831567c2d18eec402970a1c25e6e6f4db6ae93a35199a4b2c3cccf5580e7
doc,project-patterns.md,memory,_memory/parzival-sidecar/project-patterns.md,089ad4b9745aa5a49caad9e63ce968de62b2f58350ead368f9400065630950ed
other,.gitkeep,memory,_memory/shared/.gitkeep,e3b0c44298fc1c149afbf4c8996fb92427ae41e4649b934ca495991b7852b855
config,config.yaml,core,core/config.yaml,15976e1c8d31406a482215800671711131e869d2d9dffcbf8a7938d78af82274
task,help.md,core,core/tasks/help.md,c225b97ef9ac3c88143bf83e375a62c8ad8d4a6aba7abe177021ff77e143560d
agent,parzival.md,pov,pov/agents/parzival.md,8301b2901a99166e7d709c7ad565a17332bdf00d2b0c379b3f774100ddfeac25
config,config.yaml,pov,pov/config.yaml,74f69f1204b1c33dd9f29a8d2548ac05910d18b3d180c58c62a548646dda067d
other,injection-log.jsonl,pov,pov/constraints/.audit/logs/injection-log.jsonl,8ea4bd61d73c78703b21aea906488062293f1e084f3f0516cc69e2723833115c
other,sanitization-log.jsonl,pov,pov/constraints/.audit/logs/sanitization-log.jsonl,0567b847fef2076a50c11c2911edca00323bad86750c82ecb1e28d1927ae4252
constraint,AC-01-document-architecture-decisions.md,pov,pov/constraints/architecture/AC-01-document-architecture-decisions.md,3a2be20cedfa47dc6bc677af02ab30a17cff39265f862265a5443579a145d8bb
constraint,AC-02-user-approved-stack.md,pov,pov/constraints/architecture/AC-02-user-approved-stack.md,7e86a1ad7fb3375db9b83cd82f11136183e8e763ce91c1c5561e27e808719682
constraint,AC-03-satisfy-nonfunctional-requirements.md,pov,pov/constraints/architecture/AC-03-satisfy-nonfunctional-requirements.md,f47582c1fd8ec847295c9b7039af903f09aeb76c53c8e366b57c92453a4eed90
constraint,AC-04-stories-after-architecture.md,pov,pov/constraints/architecture/AC-04-stories-after-architecture.md,6e38e7ea1168888d90e15da28e61f112cc284ec6f0332258a39f7ff8d0c18fcc
constraint,AC-05-readiness-check-mandatory.md,pov,pov/constraints/architecture/AC-05-readiness-check-mandatory.md,3a4871f76faea54c03ea125b4471bc84bf46c2ba059bdc3af461844514200b58
constraint,AC-06-no-gold-plating.md,pov,pov/constraints/architecture/AC-06-no-gold-plating.md,d24df4588ae3a8a772de3cf20b907fc925c30abb2e7df4ee6f9d020768b5a8cf
constraint,AC-07-respect-existing-technology.md,pov,pov/constraints/architecture/AC-07-respect-existing-technology.md,443cd8fae8f24aa3946c37ca7f869d5e139c533dccb3e988083252002a8fd5b2
constraint,AC-08-update-project-context.md,pov,pov/constraints/architecture/AC-08-update-project-context.md,09fed0921d4f001fa75ef4b4d0956949a3785d9886172144fae4100f489767ba
constraint,constraints.md,pov,pov/constraints/architecture/constraints.md,9bb489de62c72f6cd7fd784f4953cb7edda129333f2ac792bcbf0f97a4397860
constraint,DC-01-produce-validated-prd.md,pov,pov/constraints/discovery/DC-01-produce-validated-prd.md,12a36c7e2641b703d0c69237355b3e7dc1acfa70cd9f2cb18dacf8823a95a588
constraint,DC-02-explicit-user-signoff.md,pov,pov/constraints/discovery/DC-02-explicit-user-signoff.md,d1f02905514d420ed68168c06f94dfe58a7e687ca9460566163ccbd4e6d289fb
constraint,DC-03-sourced-requirements-only.md,pov,pov/constraints/discovery/DC-03-sourced-requirements-only.md,b543734796d0c11da427584de2f679dd7c782e18ad1fd9f038b9144e5141e932
constraint,DC-04-implementation-free-requirements.md,pov,pov/constraints/discovery/DC-04-implementation-free-requirements.md,6f0f564a059b2134411b069997b040a1db900d7bddff54ba1af16152e72569bc
constraint,DC-05-acceptance-criteria-required.md,pov,pov/constraints/discovery/DC-05-acceptance-criteria-required.md,2d258f75706c2d6f9457f07bc6133fb9626753c53c5b43067de76f6f8adb2bc8
constraint,DC-06-explicit-out-of-scope.md,pov,pov/constraints/discovery/DC-06-explicit-out-of-scope.md,db875fcdaf8cbb788b136f838338b98cfeb32fa6f59e196aa7d0dd67f187a6ce
constraint,DC-07-resolve-open-questions.md,pov,pov/constraints/discovery/DC-07-resolve-open-questions.md,c66b9aac84524b2162562d03c8b2605a091195f8dfd23f3dbd64342ef14e95fc
constraint,DC-08-analyst-before-pm-thin-input.md,pov,pov/constraints/discovery/DC-08-analyst-before-pm-thin-input.md,09706190ab4af281632531301c2d5b6215477c1372b500295f59383761c4b5e4
constraint,constraints.md,pov,pov/constraints/discovery/constraints.md,ce5bb1ef0c9408b64831d096c25a2dc76037a652e845f949acf2eee73296d102
constraint,EC-01-verify-story-before-dispatch.md,pov,pov/constraints/execution/EC-01-verify-story-before-dispatch.md,0e98c35613c555cddfac2d4ea0fd07c95a39ac2aad6086ca833857d79859db74
constraint,EC-02-use-instruction-template.md,pov,pov/constraints/execution/EC-02-use-instruction-template.md,1b845753f2d8b201733b50c2e57d814b813b85170a389dbbc61773e998870e27
constraint,EC-03-fix-requires-review-result.md,pov,pov/constraints/execution/EC-03-fix-requires-review-result.md,e1eebef81df6724b0a56d54d35a9a488fc5457b93e4e8f3b0c9ca032dad75635
constraint,EC-04-no-scope-expansion.md,pov,pov/constraints/execution/EC-04-no-scope-expansion.md,b24ad93864aa0caad627a8adcc6666881651989efa23029038d856a8167feb32
constraint,EC-05-confirm-acceptance-criteria.md,pov,pov/constraints/execution/EC-05-confirm-acceptance-criteria.md,1bee55d2f3fb15ac663be2df954dca5d5154d639c9066acc214010324bcd088b
constraint,EC-06-parzival-verifies-completion.md,pov,pov/constraints/execution/EC-06-parzival-verifies-completion.md,0202a8ea297759019a34dd4a9e8009812b9b71d2d89180a70930ee4f22fe3305
constraint,EC-07-document-dev-decisions.md,pov,pov/constraints/execution/EC-07-document-dev-decisions.md,cbaa3655a53515d3a0e3d0cb28d56192aef416489ec46ffa28c57fabe998a5c7
constraint,EC-08-security-requirements.md,pov,pov/constraints/execution/EC-08-security-requirements.md,554efa403fb1a191615eb325e2d40c10a1f565f29f9a0e033375e4f5cb5406a1
constraint,EC-09-update-sprint-status.md,pov,pov/constraints/execution/EC-09-update-sprint-status.md,92ae394a480a94bba09ee8ee6f2b63348d8e5736197dad9e0173cca7aa5116d4
constraint,constraints.md,pov,pov/constraints/execution/constraints.md,d8c622d7ae682ce1d2865c264dff915fe0590b0d9f9b66dd9fb62d274f4dbf12
constraint,GC-01-never-implement.md,pov,pov/constraints/global/GC-01-never-implement.md,59222a4eab1e724cec3588fe4e38b3d3415709c5658fade39d3b2def39207493
constraint,GC-02-never-guess.md,pov,pov/constraints/global/GC-02-never-guess.md,65b83328d0b4a75e054b3f3ac676ab014e91317ef64f6d411c40b4e0de92776d
constraint,GC-03-check-project-files.md,pov,pov/constraints/global/GC-03-check-project-files.md,6e9385a09dbec94fe8f775b30ff876f7e5d51ad73b6b7f45fb71ecd3507e955a
constraint,GC-04-user-manages-parzival.md,pov,pov/constraints/global/GC-04-user-manages-parzival.md,c884e042e6b92c8e0421445f229fcfb62d5202383381fda7163b46427e4e3546
constraint,GC-05-verify-fixes.md,pov,pov/constraints/global/GC-05-verify-fixes.md,456e09ef2d956eeceaaf5b1a0ca3c9b85159927bdc5942653cc26bc01eae652c
constraint,GC-06-distinguish-issues.md,pov,pov/constraints/global/GC-06-distinguish-issues.md,b73334cbc597af34a947d7c5752a1d0cae73b2ce2c7b973906de886e4f6325ac
constraint,GC-07-never-pass-known-issues.md,pov,pov/constraints/global/GC-07-never-pass-known-issues.md,4e3483a77a17eeaec6bb306ad747d9b7c21651ce3ffec30a1ec1cf02b39cc6ae
constraint,GC-08-never-carry-debt.md,pov,pov/constraints/global/GC-08-never-carry-debt.md,f3c236477af812e860b0cd2fb9c31c6dd48fa1adb40d495b9fbcc4e198735a18
constraint,GC-09-review-agent-output.md,pov,pov/constraints/global/GC-09-review-agent-output.md,ed0b1a001a8ea975dbd94fb5943c5767b90c9be4636c22faae6a23feb1518cfb
constraint,GC-10-present-summaries.md,pov,pov/constraints/global/GC-10-present-summaries.md,16829e78ebff96aca55c03ae2583ec6d8dd42968a329d6d3e04ffe2a844682b6
constraint,GC-11-precise-instructions.md,pov,pov/constraints/global/GC-11-precise-instructions.md,d38b4b885069dec255b4c8300f9e30c69caa396350855382ff031fd245f96c89
constraint,GC-12-loop-until-zero.md,pov,pov/constraints/global/GC-12-loop-until-zero.md,eb2c2076c273d1d477b96d65159d788b9a807a737d0fd615787e56df2f405f3e
constraint,constraints.md,pov,pov/constraints/global/constraints.md,4ed6ca14798cdf617f7e06580e470a377723a391b169a7cb10c7b212ee92d44a
constraint,IN-01-verify-project-structure.md,pov,pov/constraints/init/IN-01-verify-project-structure.md,dea581faa9b91df6895460c4c60010e2ab856f5a476c2efb7b25e603ad50257e
constraint,IN-02-detect-existing-state.md,pov,pov/constraints/init/IN-02-detect-existing-state.md,5ffe80bd8a6554bcd92003446edef63882b8b62a7a7e9744aaaf9a6fce5e54b3
constraint,IN-03-confirm-user-intent.md,pov,pov/constraints/init/IN-03-confirm-user-intent.md,d05342f4806dd10c9058390da7880168f3be0efde39deb07b5731dbf74ad50b8
constraint,IN-04-validate-installation.md,pov,pov/constraints/init/IN-04-validate-installation.md,96681c7ec2809819bc4a6bc9e71ab50d4e2d398e26d2801168467518223ab238
constraint,IN-05-establish-baseline.md,pov,pov/constraints/init/IN-05-establish-baseline.md,aab56bec2d9812d5e45dd1112a4a31941d182991c7003f5c611cace7198e3ae3
constraint,constraints.md,pov,pov/constraints/init/constraints.md,1860e9d2c5ef789761cceb85b35620a623f91360bfbe55bc80821a4a5f04e17e
constraint,IC-01-full-test-plan-pass.md,pov,pov/constraints/integration/IC-01-full-test-plan-pass.md,b385290bb92242631644bd61b9bac5b3c1e709e1a9801b9a8d722b1dbc5b473a
constraint,IC-02-architect-cohesion-check.md,pov,pov/constraints/integration/IC-02-architect-cohesion-check.md,2ec2c71438ac1a2c385affc0db73bb5f5f02a9763999a8abaae90be5e465a7f5
constraint,IC-03-all-stories-complete-first.md,pov,pov/constraints/integration/IC-03-all-stories-complete-first.md,c335c899f6e7918adb1efbf4d478489c5e7172beecd2e61e72d5d8fcde241757
constraint,IC-04-no-deferred-issues.md,pov,pov/constraints/integration/IC-04-no-deferred-issues.md,10bf763e518262591027bf65625d223afb1ef820658d6fe764cc2e2b9f66b1f3
constraint,IC-05-full-test-rerun-after-fixes.md,pov,pov/constraints/integration/IC-05-full-test-rerun-after-fixes.md,6f5e418060d9f9b121fc93f32c4533726e09ea5c030bf7f6b3788e0435b73d01
constraint,IC-06-full-scope-review.md,pov,pov/constraints/integration/IC-06-full-scope-review.md,ff9b87408b6be33e09ded234dcb1db29b7062ed11a9faa0e846d0459da24b61b
constraint,IC-07-security-full-flow.md,pov,pov/constraints/integration/IC-07-security-full-flow.md,93f54a256fe6e64325a7efd54380134c87f14c2cb8a88aaed05823a497ac734d
constraint,constraints.md,pov,pov/constraints/integration/constraints.md,60b5675550fd383ad3ed49bce05c31855976d1917b3e18d24ed97ce181d0b714
constraint,MC-01-triage-before-fix.md,pov,pov/constraints/maintenance/MC-01-triage-before-fix.md,5d32f0fe9d3e457d5fa12ed0dd7e6baeecdcc1fe951b77effef179fe237b361f
constraint,MC-02-strict-fix-scope.md,pov,pov/constraints/maintenance/MC-02-strict-fix-scope.md,690bcd4b8d19641e8b994ff7166a57b2c9138045fa6f1421fbd1a28de9473b1a
constraint,MC-03-features-route-to-planning.md,pov,pov/constraints/maintenance/MC-03-features-route-to-planning.md,714310196616391a2239f01f13c7f76118218ef681f62beb9cbe2766e1a61629
constraint,MC-04-full-review-standards.md,pov,pov/constraints/maintenance/MC-04-full-review-standards.md,0d52fac51ca379e6d1cdc8cbeb570f381bd341f83899a24a7cac592a26eb7606
constraint,MC-05-one-issue-per-task.md,pov,pov/constraints/maintenance/MC-05-one-issue-per-task.md,f0264ed907478bce35a9d18a1edf472f0dcd9e2ac78e49744b83dc8493e0b83b
constraint,MC-06-changelog-updated.md,pov,pov/constraints/maintenance/MC-06-changelog-updated.md,dc9d479071b11a0d8e82e94930690da15a93f6e877a803ace785cf9df845e4a0
constraint,MC-07-deployment-plan-for-critical.md,pov,pov/constraints/maintenance/MC-07-deployment-plan-for-critical.md,2b07ce7fa8aaf4fa63ad8b19c256219c58c7df8356deddfdd574fcf4c8a62f0d
constraint,MC-08-severity-priority-order.md,pov,pov/constraints/maintenance/MC-08-severity-priority-order.md,e836c600a3f48edf420b4c2a82c02a286281e893cc5d2c26f7c1cac66cdc8123
constraint,constraints.md,pov,pov/constraints/maintenance/constraints.md,124b55c9d51781c83c84c48090065b325193146f8c4bc146ad77da96780dc2c3
constraint,PC-01-single-responsibility-stories.md,pov,pov/constraints/planning/PC-01-single-responsibility-stories.md,d1c4ebd2d8c48f97c014288e2a6bc470fdf519766c6aa4d61384a4eb7f338db8
constraint,PC-02-no-unmet-dependencies.md,pov,pov/constraints/planning/PC-02-no-unmet-dependencies.md,1eeb809cef25dd1a38d235392ae514a84c69f75817977c075313618071093c52
constraint,PC-03-implementation-ready-stories.md,pov,pov/constraints/planning/PC-03-implementation-ready-stories.md,ab120a6a2966dc8ded7b3cbbece069acf1cc65735b9a9e11270f4f8a4d674166
constraint,PC-04-retrospective-before-planning.md,pov,pov/constraints/planning/PC-04-retrospective-before-planning.md,3fc2116d1c81889b513352d92277b00c301e7f02ad7413c8a6e444acf5a18331
constraint,PC-05-realistic-sprint-scope.md,pov,pov/constraints/planning/PC-05-realistic-sprint-scope.md,39fb67a6deac05ae09ceee575b742861240ee0e3b14408f6c4145894d1d77258
constraint,PC-06-architecture-cited-in-stories.md,pov,pov/constraints/planning/PC-06-architecture-cited-in-stories.md,74d5c22d68f62fc9bb57d2792a7c3a1718672e7017532f1153c2982f7307c988
constraint,PC-07-sprint-approval-before-execution.md,pov,pov/constraints/planning/PC-07-sprint-approval-before-execution.md,8f1e4fe8007f9ba6e7032b672aa24ee90f7a7ea58ac1a6af8634285959a14106
constraint,PC-08-carryover-stories-first.md,pov,pov/constraints/planning/PC-08-carryover-stories-first.md,489efab501ad9b27fc2b48158a14a3ecf93e4d96d9432202ba355799be2f36b7
constraint,constraints.md,pov,pov/constraints/planning/constraints.md,c52f8035ab2bd032bf42a555fd28459c571cecff88b8e3299bec1198b336fd9b
constraint,RC-01-accurate-changelog.md,pov,pov/constraints/release/RC-01-accurate-changelog.md,db20a5b1161c73d9eb6c93c83946c828d4382a0ab36f5d2129867829e203fc42
constraint,RC-02-specific-rollback-plan.md,pov,pov/constraints/release/RC-02-specific-rollback-plan.md,f136c68053570bdf8f2de76e368c4ab79475066237c46632cd5993ef7d010940
constraint,RC-03-dev-verified-deployment.md,pov,pov/constraints/release/RC-03-dev-verified-deployment.md,ee2da7368add2f2081aa6eccad67f7522059da4ea26202e9a18cb0cb5e7b212c
constraint,RC-04-surface-breaking-changes.md,pov,pov/constraints/release/RC-04-surface-breaking-changes.md,0c8b7764531c959d25c09fd28daa2240a199d5417ccf8c1a47165c84d384c0ca
constraint,RC-05-explicit-user-signoff.md,pov,pov/constraints/release/RC-05-explicit-user-signoff.md,b58019ef965e484857bebe7b7d0182ecd0ffac6179783ecb5e0594d94929c347
constraint,RC-06-user-facing-release-notes.md,pov,pov/constraints/release/RC-06-user-facing-release-notes.md,f8cf7619547205b1bac6f0bd3c859c7de2fcf74d43b5f226d7afe677132a1b0e
constraint,RC-07-integration-must-pass-first.md,pov,pov/constraints/release/RC-07-integration-must-pass-first.md,d667b7f80129d747fbd5c0cb2604373c02fb039ceba74a10f8e5422549f7bfab
constraint,constraints.md,pov,pov/constraints/release/constraints.md,1638b6456ff1aefb9b267d5908e3000058d96b5df990458d28b6cd004d937b4c
data,agent-selection-guide.md,pov,pov/data/agent-selection-guide.md,a17820586f9a095067c7d6837d1ab5dab554af1d23b75e81d3c7403e714008fb
data,complexity-assessment.md,pov,pov/data/complexity-assessment.md,405a990fc952b6742ee364880ad83fef6508387eebb3cc84684b225ce9db04ef
data,confidence-levels.md,pov,pov/data/confidence-levels.md,2c18d1f9440e93c2a67b05ef1aca1c791d5500ea338ce1a1a5cc070e8a2ec995
data,document-maintenance.md,pov,pov/data/document-maintenance.md,c4acdd9a7c023eb5c8bfe2bf296289eb7a784dd49b6d9922e3c39342f721c802
data,escalation-protocol.md,pov,pov/data/escalation-protocol.md,334052271eba8a7921385af6355aebd6ddcb7d38269171dc4dcb627e898a0899
data,issue-classification-criteria.md,pov,pov/data/issue-classification-criteria.md,26eb49fce8b63ff36ee3276722ff5700c54c72f19f191575b18a7dccd652c24c
data,parzival-master-plan.md,pov,pov/data/parzival-master-plan.md,0c271d4651bc88aecbeade21a20eb1b77d018cd01ba4cae7b44d3ba4440bda46
data,self-check-12-constraints.md,pov,pov/data/self-check-12-constraints.md,92e3fdff1d10a1fced7a569b34c95d001682017cf165416edf4e9b178b14c4fa
manifest,module-help.csv,pov,pov/module-help.csv,5b51b16e3857c4d1277895a5ce3c348274d94d6ff77a3370466dcd63a607f74a
config,default-dispatch.yaml,pov,pov/teams/default-dispatch.yaml,2b83011c051615d62cdbf634a76df5448dfb56b7b35e8c99354b380c0bb7f411
config,team-analysis.yaml,pov,pov/teams/team-analysis.yaml,2125f3b6c577f92d23505ad48651c56ee043442895336a1c414195eefe67b896
config,team-dev-cycle.yaml,pov,pov/teams/team-dev-cycle.yaml,9cf1dfdcafb1cebb1c3756e8f801e30ee7e394ce82cd3639380006dc98aa53e9
config,team-review.yaml,pov,pov/teams/team-review.yaml,65f298221e1c9b163277f2f54555858b7882123503a4d1f863c4928e46482708
template,bug-report.template.md,pov,pov/templates/bug-report.template.md,6b9c9556e9f43c630949ce56c8877773804ce3f943da0be52174f4a863c65e85
template,correction.template.md,pov,pov/templates/correction.template.md,d3975bd139e1efd3a942dddf667093e26b55c8b80090addaf2d4864c38b7fba6
template,decision-log.template.md,pov,pov/templates/decision-log.template.md,3deb6d2b212c0000b62a84eca90ba96c5df878948936ce56d1cfca73134dbdd4
template,instruction.template.md,pov,pov/templates/instruction.template.md,eaf8c82ab8b25ceca7cbf9f1f3a57c5d32f0509db72b5308a0460d3c7be7dbe1
template,session-handoff.template.md,pov,pov/templates/session-handoff.template.md,fbe90c1e82e4247ea8f768daa13120569c3a2efac7d22daa1905e35e14f482d7
template,team-prompt-2tier.template.md,pov,pov/templates/team-prompt-2tier.template.md,22d928c1b3fecc7c0c2e4edbdd31114100abdb445fdea5547a4b0e952d823ea7
template,team-prompt-3tier.template.md,pov,pov/templates/team-prompt-3tier.template.md,e9984e5c8e85906a8fb5d175a952d9c318ca698c1c034c087ac8abe49c0bc5c4
template,verification-code.template.md,pov,pov/templates/verification-code.template.md,cb898df99c8e97541c25528a2c56cb0d294cd2ac9d93a1873c044d8551b70bad
template,verification-production.template.md,pov,pov/templates/verification-production.template.md,db8ca9744ff4ad8c21a66b6ded967efd7d50ad1e217870e9cb4eb5a812d1b6c6
template,verification-story.template.md,pov,pov/templates/verification-story.template.md,f1bf0d4860674af672a2d85aa1fbefbbc4faddc3fa2723e1eb7b4bda33ca535d
doc,WORKFLOW-MAP.md,pov,pov/workflows/WORKFLOW-MAP.md,cfcdae95c891aadac4b362b4033d89b505c983f67bf0e0dc51c8e6ca5af1ea6e
step,step-01-prepare-instruction.md,pov,pov/workflows/cycles/agent-dispatch/steps/step-01-prepare-instruction.md,f9c326dc68ab95f30554784f8ddd959ec0fb521ef852d3a289d726b2f25614e1
step,step-02-create-team.md,pov,pov/workflows/cycles/agent-dispatch/steps/step-02-create-team.md,1226690d9decb3bf34480d6ae78ed9d70bb3b57707e98cbf91792fc4e87a3d3d
step,step-03-activate-agent.md,pov,pov/workflows/cycles/agent-dispatch/steps/step-03-activate-agent.md,e7f88bfc122d4199f629a076562f3dbddfc7031ce17e79e0b15bff90fec09767
step,step-04-send-instruction.md,pov,pov/workflows/cycles/agent-dispatch/steps/step-04-send-instruction.md,323aaa8df8c1f468926809a25c66f1bdd84d8d24014a8145be339993ae9d2fd8
step,step-05-monitor-progress.md,pov,pov/workflows/cycles/agent-dispatch/steps/step-05-monitor-progress.md,0f8a341026c98ad5217e993401b3cc2d9e540a2e85408f480502fc72f64f892c
step,step-06-receive-output.md,pov,pov/workflows/cycles/agent-dispatch/steps/step-06-receive-output.md,04fa2f476e34e57fd2fffb848814b0cd3aed19607e3c33527998b2694d803d70
step,step-07-accept-or-loop.md,pov,pov/workflows/cycles/agent-dispatch/steps/step-07-accept-or-loop.md,9ec1e0d2c49f4505ee8b0e5108aa31ee0345de4db7edce07b8d052c94c219d3a
step,step-08-shutdown-teammate.md,pov,pov/workflows/cycles/agent-dispatch/steps/step-08-shutdown-teammate.md,ded8c443e127883c5ac9ce909332df9f3fb1713ada6e857b4f697cc47f4d3d65
step,step-09-prepare-summary.md,pov,pov/workflows/cycles/agent-dispatch/steps/step-09-prepare-summary.md,36a14c13ec90295e29893b1faf754ee2c1f9243385c6cda471a23d2935ed7a46
template,agent-correction.md,pov,pov/workflows/cycles/agent-dispatch/templates/agent-correction.md,0d418dfe96668db65304f365ab53580f534caf79d88a4aa4afb9a03e7cb30768
template,agent-instruction.md,pov,pov/workflows/cycles/agent-dispatch/templates/agent-instruction.md,13aa0be6b310ee3c1f62fa7da64fe71233c9ee75c3984fa7a59f3d76fe7bf6c9
workflow,workflow.md,pov,pov/workflows/cycles/agent-dispatch/workflow.md,d413763892582da58de4c08a821d767108f179f7ddd2ebfbf2c2675da549d5df
step,step-01-prepare-package.md,pov,pov/workflows/cycles/approval-gate/steps/step-01-prepare-package.md,d73ab6665716eb0058dd66756df26f1843d2d24668a7d36ccecff6a9d9cabc92
step,step-02-present-to-user.md,pov,pov/workflows/cycles/approval-gate/steps/step-02-present-to-user.md,0e38380a9f41a461d9fcd4141504ebb661f2d1fd2b1598906e9ed5cfb9985922
step,step-03-process-response.md,pov,pov/workflows/cycles/approval-gate/steps/step-03-process-response.md,81839ea5a22f58d345c58b0f3bf3bbec3e4d76bed3ee798e655ad8757f2eb948
step,step-04-record-outcome.md,pov,pov/workflows/cycles/approval-gate/steps/step-04-record-outcome.md,ae6f88d5c9a14f37ee75f5968ac0fa6c92c7625b7aae20fdba053789d3f6cb45
template,decision-point.md,pov,pov/workflows/cycles/approval-gate/templates/decision-point.md,5898c258db529412c67fbe50c0d8249fb11c76ce6d10f89aaf45b6dbf9186ed2
template,phase-milestone-approval.md,pov,pov/workflows/cycles/approval-gate/templates/phase-milestone-approval.md,5972753625f6f775385b8b72b30864273d72e28de70ba7a4d277a647c39cc72c
template,task-approval.md,pov,pov/workflows/cycles/approval-gate/templates/task-approval.md,4d6ffeaf7684a086b7c155e9b1658baa5b71bfaeda66fb411e74b4b61b501f13
workflow,workflow.md,pov,pov/workflows/cycles/approval-gate/workflow.md,6bfa34fbd10733cf26e44663e732d39766109162b58e178c9b156878b780f794
data,classification-criteria.md,pov,pov/workflows/cycles/legitimacy-check/data/classification-criteria.md,f4a5b6ffcf55e5241e7a06a2b485a15e32b2dec8f03f3b55de77dfd56bfd4acd
step,step-01-read-issue.md,pov,pov/workflows/cycles/legitimacy-check/steps/step-01-read-issue.md,125879edb4ecc52a0608416e109bfbaa3b4ec6d1b108218866a23613de318a63
step,step-02-check-project-files.md,pov,pov/workflows/cycles/legitimacy-check/steps/step-02-check-project-files.md,3f440e392103fabaa3a3784acdbfc414312874aff900731892af643dde4104d0
step,step-03-classify-issue.md,pov,pov/workflows/cycles/legitimacy-check/steps/step-03-classify-issue.md,39055afbf16713175d2302433c2bfe73b9035991011c0be62312b79c9f3bf491
step,step-04-record-classification.md,pov,pov/workflows/cycles/legitimacy-check/steps/step-04-record-classification.md,4ded491d929e38b6bdec2feeaa77d73ef6314ff35df0d64d098efe6de01a7de1
step,step-05-assign-priority.md,pov,pov/workflows/cycles/legitimacy-check/steps/step-05-assign-priority.md,d6a97e848bce7173435fb78a764d80229844d0c728ed992415e19a7d4d7fb3b1
workflow,workflow.md,pov,pov/workflows/cycles/legitimacy-check/workflow.md,95607712fd23b36dd779ed52b8f24a5f7cbc8b12798fb5f121817e83f3e906ec
step,step-01-define-question.md,pov,pov/workflows/cycles/research-protocol/steps/step-01-define-question.md,d7a94d1088e8dc54087dc937603a303edba22d18948090d3c4b4bca8c74d1648
step,step-02-layer1-project-files.md,pov,pov/workflows/cycles/research-protocol/steps/step-02-layer1-project-files.md,e366cd1768bf5aac717d79b557e7b2bbfe96fc04933ff96d33f74d1915210081
step,step-03-layer2-documentation.md,pov,pov/workflows/cycles/research-protocol/steps/step-03-layer2-documentation.md,c261338439369c5d68c974de1929aa874e8c759655c974f6793054316f952bc3
step,step-04-layer3-analyst-research.md,pov,pov/workflows/cycles/research-protocol/steps/step-04-layer3-analyst-research.md,820e8841871600024c312212bc44ded616a65c40dcb850a24a6f2eb9dfca177d
step,step-05-escalate-to-user.md,pov,pov/workflows/cycles/research-protocol/steps/step-05-escalate-to-user.md,214490ab1f9ae9d933c6abc7d1c26bb7e713b6d812fed9f08c4a16648c237936
step,step-06-document-answer.md,pov,pov/workflows/cycles/research-protocol/steps/step-06-document-answer.md,baeda2b353c96de9cf30be0506f8caea480d48a548eb1b4c1ab14c901c774d27
template,analyst-research-instruction.md,pov,pov/workflows/cycles/research-protocol/templates/analyst-research-instruction.md,a1029bf1d5efbff6e1ce031b3c8b06abeccfe4658c40d40ed745fff87f3b8962
workflow,workflow.md,pov,pov/workflows/cycles/research-protocol/workflow.md,1cc3c0530431dd7418b500cff3a7d2fcec598196580ca9ebb391557386ea905c
step,step-01-verify-completeness.md,pov,pov/workflows/cycles/review-cycle/steps/step-01-verify-completeness.md,a7366d21180a965497b74d12155feedbd7469dac0e8445f15490a81608114316
step,step-02-trigger-code-review.md,pov,pov/workflows/cycles/review-cycle/steps/step-02-trigger-code-review.md,b211b20b47ef5224c072afb274fae5768e85173f4e422e551b8ad6939a65e757
step,step-03-process-review-report.md,pov,pov/workflows/cycles/review-cycle/steps/step-03-process-review-report.md,2ca0c505e2edfee549f1d2440d78428c601c5210a03b076752dd377180eec348
step,step-04-build-correction-instruction.md,pov,pov/workflows/cycles/review-cycle/steps/step-04-build-correction-instruction.md,745b0901d4088b6bd5a8e3a454784fccff887297681a3af751abec14d8e58112
step,step-05-receive-fixes.md,pov,pov/workflows/cycles/review-cycle/steps/step-05-receive-fixes.md,36c51aac7a604bdbe86049949fccd1c220adaed5940a70d3e3680ee44f3fc365
step,step-06-cycle-tracking.md,pov,pov/workflows/cycles/review-cycle/steps/step-06-cycle-tracking.md,12ec26727d3c4b697a272af38b690e6942b1e244804ab9008e3921aa84a36736
step,step-07-exit-cycle.md,pov,pov/workflows/cycles/review-cycle/steps/step-07-exit-cycle.md,38910f9e1577c626db5c30364b31fd07dcdca6d571273ccd9279d56aba603cb2
template,code-review-instruction.md,pov,pov/workflows/cycles/review-cycle/templates/code-review-instruction.md,8bce1ff7f4de27cbaf4e3e40d8e19e6ade99ef6eb35cd2e18d80af8142e01f00
template,correction-instruction.md,pov,pov/workflows/cycles/review-cycle/templates/correction-instruction.md,ccf107d6ced19fe904fd005f5a2bf4e040294ee35ceebeba6575c24d15a279da
template,incompleteness-return.md,pov,pov/workflows/cycles/review-cycle/templates/incompleteness-return.md,202586be3133c265eb503a8e7969c7590d81c0d8fb3a570fe54e6dc1378d9527
workflow,workflow.md,pov,pov/workflows/cycles/review-cycle/workflow.md,b2093c9edc01b1c803bacd0ffdf3b918460606e7bea5901bd1a2ac031564e156
branch,branch-steps.md,pov,pov/workflows/init/existing/branches/branch-a-active-sprint/branch-steps.md,6152fdefd83f11463bb47d5069eb284b9317db06ff68ec42ef07f582108960cb
branch,branch-steps.md,pov,pov/workflows/init/existing/branches/branch-b-messy-undocumented/branch-steps.md,6bf262d33b555abd0439a1c0ad7abc134452ebbd6c5324e46a5b27ac8748a9ef
branch,branch-steps.md,pov,pov/workflows/init/existing/branches/branch-c-paused-restarting/branch-steps.md,c60c6ed88a1017c15c5bb061a4c465208e71e546fb01406bc4c3a46b04fd6aef
branch,branch-steps.md,pov,pov/workflows/init/existing/branches/branch-d-handoff-from-team/branch-steps.md,7f0b3f478eeecc1f42c706b4a11ce70d3d92071e7ee66809e587e8234ce42c4d
step,step-01-read-existing-files.md,pov,pov/workflows/init/existing/steps/step-01-read-existing-files.md,d35030b7498d7ff7ebe64d942ea12068a0a4fac28bee96fc4b056b270bb99b8c
step,step-02-run-analyst-audit.md,pov,pov/workflows/init/existing/steps/step-02-run-analyst-audit.md,bd755e735a0bc8e84fd1b6aeb05bc6098cc0d46929c376131c7f6d0e45b5a584
step,step-03-identify-branch.md,pov,pov/workflows/init/existing/steps/step-03-identify-branch.md,93eb66c5a9b39a948f9d33bf6b7efac4a5f47eaa2093389fef5488496b1afc40
step,step-04-establish-baseline.md,pov,pov/workflows/init/existing/steps/step-04-establish-baseline.md,a3634b2efb9aafe52ad4ad9555c2acefb4d127fdbe3aa9c5ac7a33f01aa49d21
step,step-05-verify-understanding.md,pov,pov/workflows/init/existing/steps/step-05-verify-understanding.md,a4204cab6a9a6b7712023d99ff343061bd5277ecd98038892bb47aa23edc01ca
step,step-06-present-and-approve.md,pov,pov/workflows/init/existing/steps/step-06-present-and-approve.md,4841e92039ee2650f1542b292527534333f6211a5310ea70eb25a0dec22c2b21
workflow,workflow.md,pov,pov/workflows/init/existing/workflow.md,fc4c1d285b0b57041d1948fe9bc27204a2a387e5318776746c12e1c7b5df5606
step,step-01-gather-project-info.md,pov,pov/workflows/init/new/steps/step-01-gather-project-info.md,0a073eaf655d62a9e0166d4ff5e8a614484b814aa69b6e619ae066c820efe05b
step,step-02-validate-and-clarify.md,pov,pov/workflows/init/new/steps/step-02-validate-and-clarify.md,c10555ec7ffa98adebac342aa0c65d8c7fbc0cb8d304253e7614c700515cff87
step,step-03-verify-installation.md,pov,pov/workflows/init/new/steps/step-03-verify-installation.md,b76fb799e4db40c8ef3d86a9adda0f4298ac5aebfc358813613eaa1b37559618
step,step-04-create-baseline-files.md,pov,pov/workflows/init/new/steps/step-04-create-baseline-files.md,9bbd394440b6bc6be0b8c5f503e6f68e27752abf1121ad930d8653cfc1d1017f
step,step-05-establish-teams.md,pov,pov/workflows/init/new/steps/step-05-establish-teams.md,7d9e8fe2f2323715744bd88c3db5beaa6ec6113856ad0b324d20c5f06d3a47b6
step,step-06-verify-baseline.md,pov,pov/workflows/init/new/steps/step-06-verify-baseline.md,587200e2dc03e6a7c9e7999ce8e6d303ffdedd8c97f28a8d84ce818fac5a7950
step,step-07-present-and-approve.md,pov,pov/workflows/init/new/steps/step-07-present-and-approve.md,9eaec340da1148d18641fa97c16670be52e71bc73915b55eca21836502704f07
workflow,workflow.md,pov,pov/workflows/init/new/workflow.md,e173df50b9ffe9e62829d8d58568140bf0248ae5a39e1b321ef0c62e32e4b887
step,step-01-assess-inputs.md,pov,pov/workflows/phases/architecture/steps/step-01-assess-inputs.md,cd81420883db6ecf7860cde2e3e0642f3a16d53795d3b58d3bd5505a85d90353
step,step-02-architect-designs.md,pov,pov/workflows/phases/architecture/steps/step-02-architect-designs.md,84b96f99fd1efaa594c958c5ee5fdd263703935525c44f4f8100535588ca0335
step,step-03-ux-design.md,pov,pov/workflows/phases/architecture/steps/step-03-ux-design.md,733ff079f0e1eb9468bda6a3760449d5debefab5e2000ac9e482ccb915256e39
step,step-04-parzival-reviews-architecture.md,pov,pov/workflows/phases/architecture/steps/step-04-parzival-reviews-architecture.md,610234b9349d5287a59b70cbcf3ae022cade2922cc6e2d3814733b07eed278b9
step,step-05-user-review-iteration.md,pov,pov/workflows/phases/architecture/steps/step-05-user-review-iteration.md,c3b3ef557af6196744eeb8776684dd9bb389def130ea1ec6b19e9245da966f57
step,step-06-pm-creates-epics-stories.md,pov,pov/workflows/phases/architecture/steps/step-06-pm-creates-epics-stories.md,44965c28e859872e2fd196eb2a58f302fb555560e87dfd9c977124578298dac3
step,step-07-readiness-check.md,pov,pov/workflows/phases/architecture/steps/step-07-readiness-check.md,01fa404978270994464ee41317d742cc95d53fa01f031c4abb4cd14697b3a7d3
step,step-08-finalize.md,pov,pov/workflows/phases/architecture/steps/step-08-finalize.md,b3c294b493ccd71156a0e16886ce8bf2bb2506ae2a8452b74a38a6ad04a240e0
step,step-09-approval-gate.md,pov,pov/workflows/phases/architecture/steps/step-09-approval-gate.md,0a09adf6e6072b35a8fab392da94ce36e2ffe7625a3ac0642facb9263537476e
workflow,workflow.md,pov,pov/workflows/phases/architecture/workflow.md,397310520c04a679298488c3fdeff931a2945f75f9e89ff519bed44801f4feea
step,step-01-assess-existing-inputs.md,pov,pov/workflows/phases/discovery/steps/step-01-assess-existing-inputs.md,49bcb15cae96ce7e1de76ce0ef82cd814fb6087ce04cce6203e8064c56dbfef8
step,step-02-analyst-research.md,pov,pov/workflows/phases/discovery/steps/step-02-analyst-research.md,811b5240834081e70203274b31101393e05cc7615e57d45a11e166d2aacac84e
step,step-03-pm-creates-prd.md,pov,pov/workflows/phases/discovery/steps/step-03-pm-creates-prd.md,6c53edac9ad05d3da565d1ae4097ad9bdd4327706d3f5d2042e50bbbfdca4610
step,step-04-parzival-reviews-prd.md,pov,pov/workflows/phases/discovery/steps/step-04-parzival-reviews-prd.md,bf80ac81f6bbceb8993a7d57a8947a17a87aa5f649b8dd76392dae7596e1f0f0
step,step-05-user-review-iteration.md,pov,pov/workflows/phases/discovery/steps/step-05-user-review-iteration.md,3d0217eabd0e86b0d99c9f2f27195248e31e8875e861b848bb8a439f6ff39dda
step,step-06-prd-finalization.md,pov,pov/workflows/phases/discovery/steps/step-06-prd-finalization.md,fcf64092e7e88c9ec9761b2bd18f489ce4ac59aa7c90a94fab17235ea1cdf6b1
step,step-07-approval-gate.md,pov,pov/workflows/phases/discovery/steps/step-07-approval-gate.md,fd24ba76335a5ea6c4d3589ba9c6a188d00cd5129af718a49d2907d2296db740
workflow,workflow.md,pov,pov/workflows/phases/discovery/workflow.md,4317ae36901dddadea010fc94402f6c028153f41510f1ad15912d907c014cd16
step,step-01-verify-story-requirements.md,pov,pov/workflows/phases/execution/steps/step-01-verify-story-requirements.md,82cd10935e01ffa0fbfbbb86632081dd802df04f2544dce2f57dfa71ce916a85
step,step-02-prepare-instruction.md,pov,pov/workflows/phases/execution/steps/step-02-prepare-instruction.md,f9b6ed6afa2951738bc33258604d214c633a78a99d717cc2217d7fc1f249c5d1
step,step-03-activate-dev.md,pov,pov/workflows/phases/execution/steps/step-03-activate-dev.md,9b23628011a998eeb4e6a12f3666c73cb3e9dc30194ade4af927f1d051d39ecb
step,step-04-review-cycle.md,pov,pov/workflows/phases/execution/steps/step-04-review-cycle.md,8ac820073fcb4aae57958741dbfce8c5dff9b28e057d9c3bcae347b67427fca0
step,step-05-verify-fixes.md,pov,pov/workflows/phases/execution/steps/step-05-verify-fixes.md,9272079b96fc5ad759f368fd87475e65a16d39e76015520ae616b759d1c58b0a
step,step-06-prepare-summary.md,pov,pov/workflows/phases/execution/steps/step-06-prepare-summary.md,5ab93bd269c4ea4223ed105b70dd6a2eb2627df37b53b6ba39f1471a1a88096f
step,step-07-approval-gate.md,pov,pov/workflows/phases/execution/steps/step-07-approval-gate.md,974ae33d33628170b5c912e79d4039e43e8b252470d1c906fd302bbb8fe2ad90
workflow,workflow.md,pov,pov/workflows/phases/execution/workflow.md,eab43b0d3731a88af0cf4bb237cb2a12a2705c984355d3090bda2f8cdeec1b1c
step,step-01-establish-scope.md,pov,pov/workflows/phases/integration/steps/step-01-establish-scope.md,fd0017442537c6a603bb36dd966579274aed910dc3d6ba40745f5934a8e444a2
step,step-02-prepare-test-plan.md,pov,pov/workflows/phases/integration/steps/step-02-prepare-test-plan.md,f012f45fad139fa44e3afb561e58254b6228b6e4105a6549f8130ad8bdcb3c63
step,step-03-dev-full-review.md,pov,pov/workflows/phases/integration/steps/step-03-dev-full-review.md,ebf144cbb64f82db0ddabfda0db2ff3a25a0bd015f8b976e0c316da9af3a1c73
step,step-04-architect-cohesion.md,pov,pov/workflows/phases/integration/steps/step-04-architect-cohesion.md,2ce1de9fae1a18541eaaac935d0ad73491fcf1957df3d01eb996f4ef481e487a
step,step-05-review-findings.md,pov,pov/workflows/phases/integration/steps/step-05-review-findings.md,bf290678f5a3e404a3aa5fe7b4fb0d1df0b68d17ab8727d12a1d5321806f7b6c
step,step-06-fix-cycle.md,pov,pov/workflows/phases/integration/steps/step-06-fix-cycle.md,c441f2febe29cff9b5f0709cb43bd2c0a2ac4d9e71f932f12d8e79980c6900b5
step,step-07-final-verification.md,pov,pov/workflows/phases/integration/steps/step-07-final-verification.md,a28bfe6f23df2c31a2edf69890959c688e919eb620a9db375a88833c6d75588b
step,step-08-approval-gate.md,pov,pov/workflows/phases/integration/steps/step-08-approval-gate.md,4d10777e00903d75c4f728f67517bd37eaf5e9e87901e2f7bd17e13a9d2b770e
workflow,workflow.md,pov,pov/workflows/phases/integration/workflow.md,c5a731c6daee97652cfd68e7cd741682e5d449e5061557f7785cb3f751f1658e
step,step-01-triage-issue.md,pov,pov/workflows/phases/maintenance/steps/step-01-triage-issue.md,0863ef8114853abc0b4b0f702c1f84ac596d62e03abc438e0dd42b0b7ea17698
step,step-02-classify-issue.md,pov,pov/workflows/phases/maintenance/steps/step-02-classify-issue.md,05521fdbbf0c3257526a0ddd95d1f57d5f2bc2d157e21bb8401c5106154d2219
step,step-03-analyst-diagnosis.md,pov,pov/workflows/phases/maintenance/steps/step-03-analyst-diagnosis.md,7ae6bd544613a9819674f1ee892c00841d87b09e63aba146fb7ddbc728645ec1
step,step-04-create-maintenance-task.md,pov,pov/workflows/phases/maintenance/steps/step-04-create-maintenance-task.md,ee7ba1b4d5d1abe68dfb220906364f1a3293c121a24e3775e46804a9da3a4d21
step,step-05-dev-implements-fix.md,pov,pov/workflows/phases/maintenance/steps/step-05-dev-implements-fix.md,f5bf582e7977d4a6b117bfd7a98b29bdebf586d7f2c0aa41f1ce62e4759c555a
step,step-06-review-cycle.md,pov,pov/workflows/phases/maintenance/steps/step-06-review-cycle.md,9a66f2ba713b8f886b0bba4dc07c81fc1d6908b88c2250579b2fa284c8e860f3
step,step-07-approval-gate.md,pov,pov/workflows/phases/maintenance/steps/step-07-approval-gate.md,3c84964f3e69d2cfae30f22f348b6952a9ae7c36a229460e414f7d0284c0d6c7
workflow,workflow.md,pov,pov/workflows/phases/maintenance/workflow.md,915f2b87ffe129acf44968548a9d63c2184b342294d8a206b0294c28582d62bd
step,step-01-review-project-state.md,pov,pov/workflows/phases/planning/steps/step-01-review-project-state.md,3a14e76a8d8809d904a590b9e0c5713f81ecbd8894491b3edecb3cc18e57f5ab
step,step-02-retrospective.md,pov,pov/workflows/phases/planning/steps/step-02-retrospective.md,e2a1da53e6edb3f3a3e7ca901316bae244cb078a76e4e4d3cb67c16b3d051d48
step,step-03-sm-sprint-planning.md,pov,pov/workflows/phases/planning/steps/step-03-sm-sprint-planning.md,40cba0b1648f73fd1feca3cfff4ae590a43a3c69b89072904324f368a9f6014f
step,step-04-sm-creates-story-files.md,pov,pov/workflows/phases/planning/steps/step-04-sm-creates-story-files.md,d0872ceeff93e5efe337357e2ed919e63223c3ae2d8586b0d6b7c4046ab9ebfb
step,step-05-parzival-reviews-sprint.md,pov,pov/workflows/phases/planning/steps/step-05-parzival-reviews-sprint.md,35fcaa99bfdaa0a0d1726e7378e5d57fc350d65474f656ad37f485e5d52b984d
step,step-06-user-review-approval.md,pov,pov/workflows/phases/planning/steps/step-06-user-review-approval.md,a2f3dfafa8ede2aa2b83a718712ed5d0a4e445b4a516fe34f72691150a1e82ba
step,step-07-approval-gate.md,pov,pov/workflows/phases/planning/steps/step-07-approval-gate.md,3022b7b4998d9d88e118420f8c2275b6c7f6f20e35ad3f5a5f377a666223e81d
workflow,workflow.md,pov,pov/workflows/phases/planning/workflow.md,f37402140185fc33248e871729f03c8e39f5429a693e79f090c5f33f611f80f5
step,step-01-compile-release.md,pov,pov/workflows/phases/release/steps/step-01-compile-release.md,3b85614e2b6765bf995626811b7fbbf283804df0098b733e84b7a0c889ffff0d
step,step-02-create-changelog.md,pov,pov/workflows/phases/release/steps/step-02-create-changelog.md,a925e1509de945249cad19d3d3d41655a410aefd41fdee8b9a84b2e26f1c93c5
step,step-03-deployment-checklist.md,pov,pov/workflows/phases/release/steps/step-03-deployment-checklist.md,a4836e837ca6d28e705e7e866c7d2e4e615abc855f8a53713ff31b9f0e29feda
step,step-04-rollback-plan.md,pov,pov/workflows/phases/release/steps/step-04-rollback-plan.md,db90a95da7db635c48d00289e765f5dabccb1f390e22a634bd786109544e1106
step,step-05-dev-deployment-verification.md,pov,pov/workflows/phases/release/steps/step-05-dev-deployment-verification.md,35a1fe172b8b296c149105dc2d740ead9dca94205a6f1f772d62b4323de05d15
step,step-06-parzival-reviews-artifacts.md,pov,pov/workflows/phases/release/steps/step-06-parzival-reviews-artifacts.md,9a07de5c14a852f503a8317d0697f8d957f1e68d2550d3ee9599bd2f88636a8a
step,step-07-approval-gate.md,pov,pov/workflows/phases/release/steps/step-07-approval-gate.md,8fa08ff4adebcc916d74ceac3e7c60033ada97d99d759dc9f1ba6998ca4d0118
workflow,workflow.md,pov,pov/workflows/phases/release/workflow.md,ffba60daab6cf70b7c1c94986354836ebbb3cd75c570e715ccb499dcdfdb8f9f
step,step-01-capture-blocker.md,pov,pov/workflows/session/blocker/steps/step-01-capture-blocker.md,47367550b8e49c78039e0d901d3426c6958937364512cd921de02e79d613d5b8
step,step-02-analyze-and-resolve.md,pov,pov/workflows/session/blocker/steps/step-02-analyze-and-resolve.md,ab7042deafe8028febae917865ceb564b924dc5e072f3f8fa56d48c20afcf96a
step,step-03-log-blocker.md,pov,pov/workflows/session/blocker/steps/step-03-log-blocker.md,06f60f9495f12ec19d7b49003d5e64efc7e773bb13eb3ff094e42428ab6e9a91
workflow,workflow.md,pov,pov/workflows/session/blocker/workflow.md,f8d024e11ca63dfe5164e0b6fee3128d9022a188f53674c26dd23717f1cfdb9d
step,step-01-summarize-session.md,pov,pov/workflows/session/close/steps/step-01-summarize-session.md,4ffb7b302f4e1f022478b84a11514955b55ce2b5ef8e6cb190d12bd47e22291f
step,step-02-update-tracking.md,pov,pov/workflows/session/close/steps/step-02-update-tracking.md,8beaa2305d73bb682159fbdf0d4b02198a8153e417d6273183dd4c040f690652
step,step-03-create-handoff.md,pov,pov/workflows/session/close/steps/step-03-create-handoff.md,d8b7eb483e3f2119b9cd27dee093072ae244e3a8c4c0487ff2a3463f2a6642ab
step,step-04-save-and-confirm.md,pov,pov/workflows/session/close/steps/step-04-save-and-confirm.md,620a9ed935b7690c84d025e5190b9578679099a122b364b69d9b2db9945a46a1
workflow,workflow.md,pov,pov/workflows/session/close/workflow.md,55abe7a341693cff60bfe27c2c939b45e2629771bec183f62aeabd44d5715197
step,step-01-structure-decision.md,pov,pov/workflows/session/decision/steps/step-01-structure-decision.md,87e97b71fa4a291d805110d2e75216cc34be41b303a7bbeebcfe8bfaefb89518
step,step-02-present-decision.md,pov,pov/workflows/session/decision/steps/step-02-present-decision.md,fbe7688a34c2001e4af7fe04c3c4d90e761f6766988d1247e999c843b16cef5a
step,step-03-log-decision.md,pov,pov/workflows/session/decision/steps/step-03-log-decision.md,9e60eeac67d389e787925fe62a312caa8b648b3ef797504ff95bc0822e8a95e2
workflow,workflow.md,pov,pov/workflows/session/decision/workflow.md,35df9b1e477e3e05b90e410d0aea9bb0d3e4123f8d97d5669499dba48ae47624
step,step-01-capture-state.md,pov,pov/workflows/session/handoff/steps/step-01-capture-state.md,494fbcfc715697d29ce4956c8eb68d634b9927607f9d2322adce842f60fa0d42
step,step-02-write-handoff.md,pov,pov/workflows/session/handoff/steps/step-02-write-handoff.md,5946d72a39a651bff8fe08f99f2a0ae7d28a030d2286c419d6ed55f38fd03144
step,step-03-update-index.md,pov,pov/workflows/session/handoff/steps/step-03-update-index.md,927e5e0b3c991379c456de256a95d4bcf297387e7d646cc48c4c15d1888de7b5
workflow,workflow.md,pov,pov/workflows/session/handoff/workflow.md,6c1bac3114edfd6fa24accc2511a5339d33478b6b419f5f46206d7b965a05103
step,step-01-load-context.md,pov,pov/workflows/session/start/steps/step-01-load-context.md,fcbc1a97ff58ea4131724bc1ff93c8400542978ef1f24200ab3c3ac2888fb782
step,step-02-compile-status.md,pov,pov/workflows/session/start/steps/step-02-compile-status.md,9f49e39603f7171d80e4cb731db221e23038632daac1b3319fafb878f1b32967
step,step-03-present-and-wait.md,pov,pov/workflows/session/start/steps/step-03-present-and-wait.md,523d666f5d7d8625b678d23da489408e8f4284fee486125a7ba3cd42548e69b9
workflow,workflow.md,pov,pov/workflows/session/start/workflow.md,ff82ab4353adb4cd5107021c8174aa37f87eb2e844839d78ddd063ef76c5abdd
workflow,workflow.md,pov,pov/workflows/session/status/workflow.md,16f1eb6132b54608fee061b2a15407679b28d929d0a235987f845c1fd45d89c6
step,step-01-preflight-and-tier-selection.md,pov,pov/workflows/session/team-prompt/steps/step-01-preflight-and-tier-selection.md,754dcb88c5c0118e0eab4f4711382b8ec5ad91d4018c259864c8e109d1ebd844
step,step-02-design-team-composition.md,pov,pov/workflows/session/team-prompt/steps/step-02-design-team-composition.md,3a9975d9d4c206323a6f75b4f90f06b1be26e5fac95c6a5e9ee7882a349ec81b
step,step-03-build-ownership-map.md,pov,pov/workflows/session/team-prompt/steps/step-03-build-ownership-map.md,12bac075860264996a293641a29e485ef8f4da15ee48a3c7a5faf072e88162d5
step,step-04-write-context-blocks.md,pov,pov/workflows/session/team-prompt/steps/step-04-write-context-blocks.md,fd7ece25e89de3cabf6c3fb361b74717ff6579c4abb3d05cd08cc5c26e37ba8d
step,step-05-assemble-prompt.md,pov,pov/workflows/session/team-prompt/steps/step-05-assemble-prompt.md,cc69ef26d84c92103b7f3a1923e52d86ef34d432e63249ad129b4c5993186697
step,step-06-review-and-present.md,pov,pov/workflows/session/team-prompt/steps/step-06-review-and-present.md,b468fe596e7650933b1f8ffbdcd1be13c16d465300b1532682ddbfb346a85f7c
workflow,workflow.md,pov,pov/workflows/session/team-prompt/workflow.md,c6ad22246e2ab6beaf717e4fffe429c9921d3d04a6746cc2354de15caa181b6c
step,step-01-determine-type.md,pov,pov/workflows/session/verify/steps/step-01-determine-type.md,47a9d1e2e27fb5826149a0378f8d6288f07869a21e3b22a5345ab2b5a6ee30a4
step,step-02-load-checklist.md,pov,pov/workflows/session/verify/steps/step-02-load-checklist.md,4885edb75e044368f1d09ff3bb62a4bbf0069f8b4642bc420d0e4836051baa54
step,step-03-execute-checks.md,pov,pov/workflows/session/verify/steps/step-03-execute-checks.md,132b5a8a7e9f7a753d9ddfdf118afdb2a232af4bffe45ea178ddab34534bac23
step,step-04-report-results.md,pov,pov/workflows/session/verify/steps/step-04-report-results.md,cf4729b3d3638b5aef78eb90374875ccbfdf65eb38275cd2a8b35f1adaf167f1
workflow,workflow.md,pov,pov/workflows/session/verify/workflow.md,b0f3a1af3cc3d5e1fc591c8de227ec27192f1a288f3aeb9eb54123cbd76dd8d9
